Invoice ID,Branch,City,Customer type,Gender,Product line,Unit price,Quantity,Tax 5%,Total,Date,Time,Payment,cogs,gross margin percentage,gross income,Rating
665-32-9167,A,Yangon,Member,Female,Health and beauty,36.26,2,3.626,76.146,1/10/2019,17:15,Credit card,72.52,4.761904762,3.626,7.2
692-92-5582,B,Mandalay,Member,Female,Food and beverages,54.84,3,8.226,172.746,2/20/2019,13:27,Credit card,164.52,4.761904762,8.226,5.9
351-62-0822,B,Mandalay,Member,Female,Fashion accessories,14.48,4,2.896,60.816,2/6/2019,18:07,Ewallet,57.92,4.761904762,2.896,4.5
529-56-3974,B,Mandalay,Member,Male,Electronic accessories,25.51,4,5.102,107.142,3/9/2019,17:03,Cash,102.04,4.761904762,5.102,6.8
329-62-1586,A,Yangon,Normal,Male,Food and beverages,54.67,3,8.2005,172.2105,1/21/2019,18:00,Credit card,164.01,4.761904762,8.2005,8.6
319-50-3348,B,Mandalay,Normal,Female,Home and lifestyle,40.3,2,4.03,84.63,3/11/2019,15:30,Ewallet,80.6,4.761904762,4.03,4.4
371-85-5789,B,Mandalay,Normal,Male,Health and beauty,87.98,3,13.197,277.137,3/5/2019,10:40,Ewallet,263.94,4.761904762,13.197,5.1
273-16-6619,B,Mandalay,Normal,Male,Home and lifestyle,33.2,2,3.32,69.72,3/15/2019,12:20,Credit card,66.4,4.761904762,3.32,4.4
549-59-1358,A,Yangon,Member,Male,Sports and travel,88.63,3,13.2945,279.1845,3/2/2019,17:36,Ewallet,265.89,4.761904762,13.2945,6.0
649-29-6775,B,Mandalay,Normal,Male,Fashion accessories,33.52,1,1.676,35.196,2/8/2019,15:31,Cash,33.52,4.761904762,1.676,6.7
189-17-4241,A,Yangon,Normal,Female,Fashion accessories,87.67,2,8.767,184.107,3/10/2019,12:17,Credit card,175.34,4.761904762,8.767,7.7
595-11-5460,A,Yangon,Normal,Male,Health and beauty,96.58,2,9.658,202.818,3/15/2019,10:12,Credit card,193.16,4.761904762,9.658,5.1
183-56-6882,C,Naypyitaw,Member,Female,Food and beverages,99.42,4,19.884,417.564,2/6/2019,10:42,Ewallet,397.68,4.761904762,19.884,7.5
232-16-2483,C,Naypyitaw,Member,Female,Sports and travel,68.12,1,3.406,71.526,1/7/2019,12:28,Ewallet,68.12,4.761904762,3.406,6.8
280-35-5823,B,Mandalay,Member,Female,Home and lifestyle,86.72,1,4.336,91.056,1/17/2019,18:45,Ewallet,86.72,4.761904762,4.336,7.9
554-53-8700,C,Naypyitaw,Member,Male,Home and lifestyle,56.11,2,5.611,117.831,2/2/2019,10:11,Cash,112.22,4.761904762,5.611,6.3
617-15-4209,C,Naypyitaw,Member,Male,Health and beauty,15.37,2,1.537,32.277,3/16/2019,19:47,Cash,30.74,4.761904762,1.537,7.2
132-32-9879,B,Mandalay,Member,Female,Electronic accessories,93.96,4,18.792,394.632,3/9/2019,18:00,Cash,375.84,4.761904762,18.792,9.5
616-24-2851,B,Mandalay,Member,Female,Fashion accessories,17.87,4,3.574,75.054,3/22/2019,14:42,Ewallet,71.48,4.761904762,3.574,6.5
778-71-5554,C,Naypyitaw,Member,Male,Fashion accessories,15.43,1,0.7715,16.2015,1/25/2019,15:46,Credit card,15.43,4.761904762,0.7715,6.1
242-55-6721,B,Mandalay,Normal,Male,Home and lifestyle,16.16,2,1.616,33.936,3/7/2019,11:49,Ewallet,32.32,4.761904762,1.616,6.5
106-35-6779,A,Yangon,Member,Male,Home and lifestyle,44.34,2,4.434,93.114,3/27/2019,11:26,Cash,88.68,4.761904762,4.434,5.8
285-68-5083,C,Naypyitaw,Member,Female,Sports and travel,24.74,3,3.711,77.931,2/15/2019,17:47,Credit card,74.22,4.761904762,3.711,10.0
853-23-2453,B,Mandalay,Member,Male,Health and beauty,75.74,4,15.148,318.108,2/14/2019,14:35,Cash,302.96,4.761904762,15.148,7.6
838-78-4295,C,Naypyitaw,Normal,Female,Health and beauty,33.47,2,3.347,70.287,2/10/2019,15:43,Ewallet,66.94,4.761904762,3.347,6.7
382-03-4532,A,Yangon,Member,Female,Health and beauty,18.33,1,0.9165,19.2465,2/2/2019,18:50,Cash,18.33,4.761904762,0.9165,4.3
510-95-6347,B,Mandalay,Member,Female,Food and beverages,48.52,3,7.278,152.838,3/5/2019,18:17,Ewallet,145.56,4.761904762,7.278,4.0
847-38-7188,B,Mandalay,Normal,Female,Food and beverages,96.68,3,14.502,304.542,1/26/2019,19:56,Ewallet,290.04,4.761904762,14.502,6.4
787-56-0757,C,Naypyitaw,Member,Female,Food and beverages,80.36,4,16.072,337.512,2/23/2019,18:45,Credit card,321.44,4.761904762,16.072,8.3
504-35-8843,A,Yangon,Normal,Male,Sports and travel,42.47,1,2.1235,44.5935,1/2/2019,16:57,Cash,42.47,4.761904762,2.1235,5.7
565-80-5980,C,Naypyitaw,Member,Female,Home and lifestyle,47.38,4,9.476,198.996,1/23/2019,10:25,Cash,189.52,4.761904762,9.476,7.1
512-91-0811,C,Naypyitaw,Normal,Male,Health and beauty,89.75,1,4.4875,94.2375,2/6/2019,20:05,Credit card,89.75,4.761904762,4.4875,6.6
594-34-4444,A,Yangon,Normal,Male,Electronic accessories,97.16,1,4.858,102.018,3/8/2019,20:38,Ewallet,97.16,4.761904762,4.858,7.2
865-92-6136,A,Yangon,Normal,Male,Food and beverages,52.75,3,7.9125,166.1625,3/23/2019,10:16,Ewallet,158.25,4.761904762,7.9125,9.3
163-56-7055,C,Naypyitaw,Member,Male,Fashion accessories,48.71,1,2.4355,51.1455,3/26/2019,19:20,Cash,48.71,4.761904762,2.4355,4.1
479-26-8945,B,Mandalay,Member,Female,Sports and travel,16.49,2,1.649,34.629,2/5/2019,11:32,Ewallet,32.98,4.761904762,1.649,4.6
210-67-5886,C,Naypyitaw,Member,Female,Health and beauty,98.21,3,14.7315,309.3615,2/5/2019,10:41,Credit card,294.63,4.761904762,14.7315,7.8
225-98-1496,C,Naypyitaw,Normal,Female,Fashion accessories,27.02,3,4.053,85.113,3/2/2019,13:01,Credit card,81.06,4.761904762,4.053,7.1
659-65-8956,B,Mandalay,Member,Male,Fashion accessories,51.36,1,2.568,53.928,1/16/2019,15:26,Ewallet,51.36,4.761904762,2.568,5.2
378-24-2715,B,Mandalay,Normal,Male,Home and lifestyle,53.44,2,5.344,112.224,1/20/2019,20:38,Ewallet,106.88,4.761904762,5.344,4.1
695-51-0018,B,Mandalay,Normal,Female,Sports and travel,34.84,4,6.968,146.328,2/10/2019,18:36,Cash,139.36,4.761904762,6.968,7.4
597-78-7908,C,Naypyitaw,Normal,Male,Fashion accessories,90.22,3,13.533,284.193,2/18/2019,19:39,Cash,270.66,4.761904762,13.533,6.2
488-25-4221,C,Naypyitaw,Member,Female,Food and beverages,30.41,1,1.5205,31.9305,2/22/2019,10:36,Credit card,30.41,4.761904762,1.5205,8.4
568-90-5112,C,Naypyitaw,Normal,Male,Health and beauty,66.14,4,13.228,277.788,3/19/2019,12:46,Credit card,264.56,4.761904762,13.228,5.6
608-96-3517,B,Mandalay,Member,Female,Fashion accessories,91.54,4,18.308,384.468,3/23/2019,19:20,Credit card,366.16,4.761904762,18.308,4.8
279-74-2924,B,Mandalay,Member,Male,Electronic accessories,72.17,1,3.6085,75.7785,1/4/2019,19:40,Cash,72.17,4.761904762,3.6085,6.1
275-28-0149,A,Yangon,Normal,Male,Sports and travel,63.69,1,3.1845,66.8745,2/25/2019,16:21,Cash,63.69,4.761904762,3.1845,6.0
423-80-0988,C,Naypyitaw,Normal,Male,Sports and travel,76.4,2,7.64,160.44,1/30/2019,19:42,Ewallet,152.8,4.761904762,7.64,6.5
342-65-4817,C,Naypyitaw,Member,Male,Health and beauty,86.8,3,13.02,273.42,1/28/2019,16:47,Ewallet,260.4,4.761904762,13.02,9.9
895-66-0685,B,Mandalay,Member,Male,Food and beverages,18.08,3,2.712,56.952,3/5/2019,19:46,Ewallet,54.24,4.761904762,2.712,8.0
732-04-5373,B,Mandalay,Member,Male,Home and lifestyle,46.47,4,9.294,195.174,2/8/2019,10:53,Cash,185.88,4.761904762,9.294,7.0
400-60-7251,A,Yangon,Normal,Male,Home and lifestyle,74.07,1,3.7035,77.7735,2/10/2019,12:50,Ewallet,74.07,4.761904762,3.7035,9.9
593-65-1552,C,Naypyitaw,Normal,Female,Home and lifestyle,69.81,4,13.962,293.202,1/28/2019,20:50,Credit card,279.24,4.761904762,13.962,5.9
284-34-9626,B,Mandalay,Normal,Female,Home and lifestyle,77.04,3,11.556,242.676,2/11/2019,10:39,Credit card,231.12,4.761904762,11.556,7.2
437-58-8131,B,Mandalay,Normal,Female,Fashion accessories,73.52,2,7.352,154.392,1/15/2019,13:41,Ewallet,147.04,4.761904762,7.352,4.6
641-43-2399,B,Mandalay,Normal,Male,Home and lifestyle,25.55,4,5.11,107.31,1/26/2019,20:23,Ewallet,102.2,4.761904762,5.11,5.7
556-86-3144,C,Naypyitaw,Member,Female,Fashion accessories,74.29,1,3.7145,78.0045,1/13/2019,19:30,Cash,74.29,4.761904762,3.7145,5.0
848-24-9445,C,Naypyitaw,Member,Male,Health and beauty,43.7,2,4.37,91.77,3/26/2019,18:03,Cash,87.4,4.761904762,4.37,4.9
856-22-8149,A,Yangon,Normal,Female,Home and lifestyle,25.29,1,1.2645,26.5545,3/23/2019,10:13,Ewallet,25.29,4.761904762,1.2645,6.1
699-01-4164,C,Naypyitaw,Normal,Male,Health and beauty,41.5,4,8.3,174.3,3/12/2019,19:58,Credit card,166.0,4.761904762,8.3,8.2
542-41-0513,B,Mandalay,Member,Female,Electronic accessories,57.49,4,11.498,241.458,3/15/2019,11:57,Cash,229.96,4.761904762,11.498,6.6
573-58-9734,B,Mandalay,Normal,Female,Fashion accessories,30.37,3,4.5555,95.6655,3/28/2019,13:41,Ewallet,91.11,4.761904762,4.5555,5.1
656-16-1063,B,Mandalay,Normal,Male,Sports and travel,46.42,3,6.963,146.223,1/4/2019,13:24,Credit card,139.26,4.761904762,6.963,4.4
802-43-8934,A,Yangon,Normal,Male,Home and lifestyle,18.28,1,0.914,19.194,3/22/2019,15:05,Credit card,18.28,4.761904762,0.914,8.3
319-74-2561,A,Yangon,Member,Female,Electronic accessories,94.64,3,14.196,298.116,2/21/2019,16:55,Cash,283.92,4.761904762,14.196,5.5
790-29-1172,B,Mandalay,Normal,Female,Food and beverages,57.34,3,8.601,180.621,3/10/2019,18:59,Credit card,172.02,4.761904762,8.601,7.9
279-62-1445,C,Naypyitaw,Member,Female,Fashion accessories,12.54,1,0.627,13.167,2/21/2019,12:38,Cash,12.54,4.761904762,0.627,8.2
213-72-6612,A,Yangon,Normal,Male,Food and beverages,43.25,2,4.325,90.825,3/20/2019,15:56,Cash,86.5,4.761904762,4.325,6.2
746-68-6593,C,Naypyitaw,Member,Female,Sports and travel,87.16,2,8.716,183.036,1/11/2019,14:29,Credit card,174.32,4.761904762,8.716,9.7
583-72-1480,C,Naypyitaw,Member,Male,Electronic accessories,37.06,4,7.412,155.652,1/31/2019,16:24,Ewallet,148.24,4.761904762,7.412,9.7
289-65-5721,B,Mandalay,Normal,Female,Fashion accessories,81.37,2,8.137,170.877,1/26/2019,19:28,Cash,162.74,4.761904762,8.137,6.5
545-46-3100,B,Mandalay,Member,Female,Electronic accessories,10.59,3,1.5885,33.3585,3/12/2019,13:52,Credit card,31.77,4.761904762,1.5885,8.7
269-04-5750,B,Mandalay,Member,Male,Fashion accessories,73.82,4,14.764,310.044,2/21/2019,18:31,Cash,295.28,4.761904762,14.764,6.7
645-78-8093,A,Yangon,Normal,Female,Sports and travel,93.14,2,9.314,195.594,1/20/2019,18:09,Ewallet,186.28,4.761904762,9.314,4.1
478-06-7835,A,Yangon,Normal,Male,Fashion accessories,89.69,1,4.4845,94.1745,1/11/2019,11:20,Ewallet,89.69,4.761904762,4.4845,4.9
448-81-5016,A,Yangon,Normal,Male,Health and beauty,59.77,2,5.977,125.517,3/11/2019,12:01,Credit card,119.54,4.761904762,5.977,5.8
142-72-4741,C,Naypyitaw,Member,Male,Fashion accessories,93.2,2,9.32,195.72,2/28/2019,18:37,Credit card,186.4,4.761904762,9.32,6.0
217-58-1179,A,Yangon,Member,Male,Home and lifestyle,62.65,4,12.53,263.13,1/5/2019,11:25,Cash,250.6,4.761904762,12.53,4.2
866-05-7563,B,Mandalay,Member,Female,Electronic accessories,81.4,3,12.21,256.41,2/9/2019,19:43,Cash,244.2,4.761904762,12.21,4.8
799-71-1548,A,Yangon,Member,Male,Electronic accessories,77.72,4,15.544,326.424,1/7/2019,16:11,Credit card,310.88,4.761904762,15.544,8.8
883-17-4236,C,Naypyitaw,Normal,Female,Sports and travel,14.39,2,1.439,30.219,3/2/2019,19:44,Credit card,28.78,4.761904762,1.439,7.2
290-68-2984,A,Yangon,Normal,Male,Home and lifestyle,23.75,4,4.75,99.75,3/16/2019,11:22,Cash,95.0,4.761904762,4.75,5.2
110-48-7033,B,Mandalay,Member,Male,Fashion accessories,32.62,4,6.524,137.004,1/29/2019,14:12,Cash,130.48,4.761904762,6.524,9.0
366-93-0948,A,Yangon,Member,Male,Electronic accessories,66.35,1,3.3175,69.6675,1/31/2019,10:46,Credit card,66.35,4.761904762,3.3175,9.7
151-16-1484,A,Yangon,Member,Male,Electronic accessories,32.25,4,6.45,135.45,2/13/2019,12:38,Ewallet,129.0,4.761904762,6.45,6.5
380-94-4661,C,Naypyitaw,Member,Male,Electronic accessories,65.94,4,13.188,276.948,2/7/2019,13:05,Credit card,263.76,4.761904762,13.188,6.9
821-07-3596,C,Naypyitaw,Normal,Female,Fashion accessories,16.45,4,3.29,69.09,3/7/2019,14:53,Ewallet,65.8,4.761904762,3.29,5.6
655-85-5130,B,Mandalay,Member,Female,Fashion accessories,38.3,4,7.66,160.86,3/13/2019,19:22,Cash,153.2,4.761904762,7.66,5.7
154-74-7179,B,Mandalay,Normal,Male,Sports and travel,54.45,1,2.7225,57.1725,2/26/2019,19:24,Ewallet,54.45,4.761904762,2.7225,7.9
808-65-0703,C,Naypyitaw,Normal,Male,Home and lifestyle,35.47,4,7.094,148.974,3/14/2019,17:22,Credit card,141.88,4.761904762,7.094,6.9
144-51-6085,A,Yangon,Member,Male,Home and lifestyle,70.74,4,14.148,297.108,1/5/2019,16:05,Credit card,282.96,4.761904762,14.148,4.4
687-15-1097,C,Naypyitaw,Member,Female,Health and beauty,21.12,2,2.112,44.352,1/3/2019,19:17,Cash,42.24,4.761904762,2.112,9.7
633-91-1052,A,Yangon,Normal,Female,Home and lifestyle,12.03,2,1.203,25.263,1/27/2019,15:51,Cash,24.06,4.761904762,1.203,5.1
376-56-3573,C,Naypyitaw,Normal,Female,Fashion accessories,95.42,4,19.084,400.764,2/2/2019,13:23,Ewallet,381.68,4.761904762,19.084,6.4
523-38-0215,C,Naypyitaw,Normal,Male,Home and lifestyle,37.0,1,1.85,38.85,3/6/2019,13:29,Credit card,37.0,4.761904762,1.85,7.9
490-29-1201,A,Yangon,Normal,Female,Sports and travel,15.34,1,0.767,16.107,1/6/2019,11:09,Cash,15.34,4.761904762,0.767,6.5
565-17-3836,A,Yangon,Member,Female,Health and beauty,47.67,4,9.534,200.214,3/12/2019,14:21,Cash,190.68,4.761904762,9.534,9.1
593-95-4461,C,Naypyitaw,Member,Male,Home and lifestyle,74.86,1,3.743,78.603,3/24/2019,14:49,Cash,74.86,4.761904762,3.743,6.9
278-97-7759,A,Yangon,Member,Female,Electronic accessories,62.48,1,3.124,65.604,2/18/2019,20:29,Cash,62.48,4.761904762,3.124,4.7
316-68-6352,A,Yangon,Member,Female,Food and beverages,36.36,2,3.636,76.356,1/21/2019,10:00,Cash,72.72,4.761904762,3.636,7.1
727-75-6477,C,Naypyitaw,Normal,Male,Electronic accessories,28.84,4,5.768,121.128,3/29/2019,14:44,Cash,115.36,4.761904762,5.768,6.4
307-83-9164,A,Yangon,Member,Male,Home and lifestyle,60.01,4,12.002,252.042,1/25/2019,15:54,Cash,240.04,4.761904762,12.002,4.5
779-06-0012,C,Naypyitaw,Member,Female,Home and lifestyle,88.61,1,4.4305,93.0405,1/19/2019,10:21,Cash,88.61,4.761904762,4.4305,7.7
446-47-6729,C,Naypyitaw,Normal,Male,Fashion accessories,99.82,2,9.982,209.622,1/2/2019,18:09,Credit card,199.64,4.761904762,9.982,6.7
573-10-3877,B,Mandalay,Member,Male,Health and beauty,39.01,1,1.9505,40.9605,3/12/2019,16:46,Credit card,39.01,4.761904762,1.9505,4.7
735-06-4124,C,Naypyitaw,Normal,Male,Food and beverages,48.61,1,2.4305,51.0405,2/25/2019,15:31,Cash,48.61,4.761904762,2.4305,4.4
439-54-7422,A,Yangon,Normal,Female,Electronic accessories,51.19,4,10.238,214.998,3/18/2019,17:15,Credit card,204.76,4.761904762,10.238,4.7
512-98-1403,A,Yangon,Member,Female,Electronic accessories,26.48,3,3.972,83.412,3/21/2019,10:40,Ewallet,79.44,4.761904762,3.972,4.7
848-42-2560,A,Yangon,Normal,Female,Fashion accessories,81.91,2,8.191,172.011,3/5/2019,17:43,Cash,163.82,4.761904762,8.191,7.8
181-94-6432,C,Naypyitaw,Member,Male,Fashion accessories,69.33,2,6.933,145.593,2/5/2019,19:05,Ewallet,138.66,4.761904762,6.933,9.7
174-36-3675,C,Naypyitaw,Member,Male,Food and beverages,99.37,2,9.937,208.677,2/14/2019,17:29,Cash,198.74,4.761904762,9.937,5.2
428-83-5800,C,Naypyitaw,Member,Female,Food and beverages,21.08,3,3.162,66.402,2/9/2019,10:25,Cash,63.24,4.761904762,3.162,7.3
787-15-1757,C,Naypyitaw,Member,Male,Health and beauty,44.07,4,8.814,185.094,2/18/2019,16:28,Ewallet,176.28,4.761904762,8.814,8.4
622-20-1945,C,Naypyitaw,Normal,Female,Health and beauty,39.42,1,1.971,41.391,1/18/2019,15:08,Cash,39.42,4.761904762,1.971,8.4
276-54-0879,B,Mandalay,Normal,Male,Sports and travel,97.74,4,19.548,410.508,3/12/2019,19:53,Ewallet,390.96,4.761904762,19.548,6.4
719-76-3868,C,Naypyitaw,Member,Male,Food and beverages,94.26,4,18.852,395.892,3/12/2019,16:30,Cash,377.04,4.761904762,18.852,8.6
730-61-8757,B,Mandalay,Member,Male,Health and beauty,51.13,4,10.226,214.746,1/25/2019,10:11,Credit card,204.52,4.761904762,10.226,4.0
340-66-0321,A,Yangon,Member,Male,Electronic accessories,36.36,4,7.272,152.712,3/25/2019,13:07,Cash,145.44,4.761904762,7.272,7.6
634-97-8956,A,Yangon,Normal,Male,Food and beverages,32.9,3,4.935,103.635,2/17/2019,17:27,Credit card,98.7,4.761904762,4.935,9.1
442-48-3607,A,Yangon,Member,Male,Food and beverages,23.48,2,2.348,49.308,3/14/2019,11:21,Credit card,46.96,4.761904762,2.348,7.9
633-09-3463,C,Naypyitaw,Normal,Female,Electronic accessories,47.65,3,7.1475,150.0975,3/28/2019,12:58,Credit card,142.95,4.761904762,7.1475,9.5
378-07-7001,B,Mandalay,Member,Male,Electronic accessories,48.09,3,7.2135,151.4835,2/10/2019,18:23,Credit card,144.27,4.761904762,7.2135,7.8
150-89-8043,A,Yangon,Normal,Male,Sports and travel,44.65,3,6.6975,140.6475,2/14/2019,15:04,Cash,133.95,4.761904762,6.6975,6.2
441-94-7118,A,Yangon,Member,Male,Electronic accessories,71.95,1,3.5975,75.5475,2/4/2019,12:14,Cash,71.95,4.761904762,3.5975,7.3
320-49-6392,C,Naypyitaw,Normal,Female,Electronic accessories,30.24,1,1.512,31.752,3/4/2019,15:44,Cash,30.24,4.761904762,1.512,8.4
889-04-9723,B,Mandalay,Member,Female,Food and beverages,89.14,4,17.828,374.388,1/7/2019,12:20,Credit card,356.56,4.761904762,17.828,7.8
453-63-6187,B,Mandalay,Normal,Male,Electronic accessories,27.5,3,4.125,86.625,3/1/2019,15:40,Ewallet,82.5,4.761904762,4.125,6.5
578-80-7669,B,Mandalay,Normal,Male,Sports and travel,74.97,1,3.7485,78.7185,3/16/2019,16:58,Cash,74.97,4.761904762,3.7485,5.6
471-41-2823,C,Naypyitaw,Normal,Male,Food and beverages,99.79,2,9.979,209.559,3/7/2019,20:37,Ewallet,199.58,4.761904762,9.979,8.0
272-27-9238,C,Naypyitaw,Normal,Female,Food and beverages,41.24,4,8.248,173.208,2/19/2019,16:23,Cash,164.96,4.761904762,8.248,7.1
834-25-9262,C,Naypyitaw,Normal,Female,Fashion accessories,81.68,4,16.336,343.056,1/6/2019,12:12,Cash,326.72,4.761904762,16.336,9.1
468-88-0009,A,Yangon,Member,Male,Home and lifestyle,65.94,4,13.188,276.948,3/24/2019,10:29,Cash,263.76,4.761904762,13.188,6.0
261-12-8671,B,Mandalay,Normal,Female,Fashion accessories,60.96,2,6.096,128.016,1/25/2019,19:39,Credit card,121.92,4.761904762,6.096,4.9
595-86-2894,C,Naypyitaw,Member,Male,Fashion accessories,96.98,4,19.396,407.316,2/6/2019,17:20,Ewallet,387.92,4.761904762,19.396,9.4
182-69-8360,B,Mandalay,Normal,Female,Electronic accessories,23.65,4,4.73,99.33,1/30/2019,13:32,Credit card,94.6,4.761904762,4.73,4.0
289-15-7034,A,Yangon,Member,Male,Sports and travel,82.33,4,16.466,345.786,1/11/2019,10:37,Credit card,329.32,4.761904762,16.466,7.5
462-78-5240,C,Naypyitaw,Normal,Female,Electronic accessories,26.61,2,2.661,55.881,3/19/2019,14:35,Cash,53.22,4.761904762,2.661,4.2
153-58-4872,C,Naypyitaw,Member,Female,Food and beverages,74.89,4,14.978,314.538,3/1/2019,15:32,Ewallet,299.56,4.761904762,14.978,4.2
525-88-7307,B,Mandalay,Member,Male,Sports and travel,75.82,1,3.791,79.611,1/31/2019,13:19,Cash,75.82,4.761904762,3.791,5.8
541-89-9860,C,Naypyitaw,Member,Female,Fashion accessories,80.48,3,12.072,253.512,2/15/2019,12:31,Cash,241.44,4.761904762,12.072,8.1
563-36-9814,A,Yangon,Member,Male,Electronic accessories,76.82,1,3.841,80.661,2/13/2019,18:27,Ewallet,76.82,4.761904762,3.841,7.2
885-17-6250,A,Yangon,Normal,Female,Health and beauty,79.74,1,3.987,83.727,3/6/2019,10:36,Ewallet,79.74,4.761904762,3.987,7.3
651-61-0874,C,Naypyitaw,Normal,Male,Home and lifestyle,46.22,4,9.244,194.124,3/12/2019,20:04,Credit card,184.88,4.761904762,9.244,6.2
236-86-3015,C,Naypyitaw,Member,Male,Home and lifestyle,13.98,1,0.699,14.679,2/4/2019,13:38,Ewallet,13.98,4.761904762,0.699,9.8
882-40-4577,A,Yangon,Member,Male,Sports and travel,67.26,4,13.452,282.492,1/19/2019,15:28,Credit card,269.04,4.761904762,13.452,8.0
725-32-9708,B,Mandalay,Member,Female,Fashion accessories,68.71,4,13.742,288.582,1/4/2019,19:01,Cash,274.84,4.761904762,13.742,4.1
256-08-8343,A,Yangon,Normal,Female,Home and lifestyle,56.53,4,11.306,237.426,3/4/2019,19:48,Ewallet,226.12,4.761904762,11.306,5.5
569-71-4390,B,Mandalay,Normal,Male,Sports and travel,21.87,2,2.187,45.927,1/25/2019,14:29,Ewallet,43.74,4.761904762,2.187,6.9
696-90-2548,A,Yangon,Normal,Male,Sports and travel,25.84,3,3.876,81.396,3/10/2019,18:55,Ewallet,77.52,4.761904762,3.876,6.6
268-03-6164,B,Mandalay,Normal,Male,Health and beauty,96.11,1,4.8055,100.9155,1/25/2019,16:28,Ewallet,96.11,4.761904762,4.8055,7.8
750-57-9686,C,Naypyitaw,Normal,Female,Home and lifestyle,45.38,4,9.076,190.596,1/8/2019,13:48,Credit card,181.52,4.761904762,9.076,8.7
186-09-3669,C,Naypyitaw,Member,Female,Health and beauty,81.51,1,4.0755,85.5855,1/22/2019,10:57,Ewallet,81.51,4.761904762,4.0755,9.2
848-07-1692,B,Mandalay,Normal,Female,Health and beauty,57.22,2,5.722,120.162,1/12/2019,17:13,Ewallet,114.44,4.761904762,5.722,8.3
266-76-6436,C,Naypyitaw,Member,Female,Food and beverages,38.6,3,5.79,121.59,3/28/2019,13:57,Ewallet,115.8,4.761904762,5.79,7.5
740-22-2500,C,Naypyitaw,Normal,Female,Electronic accessories,84.05,3,12.6075,264.7575,1/23/2019,13:29,Cash,252.15,4.761904762,12.6075,9.8
489-64-4354,C,Naypyitaw,Normal,Male,Fashion accessories,16.28,1,0.814,17.094,3/9/2019,15:36,Cash,16.28,4.761904762,0.814,5.0
650-98-6268,B,Mandalay,Member,Female,Food and beverages,20.87,3,3.1305,65.7405,3/20/2019,13:53,Credit card,62.61,4.761904762,3.1305,8.0
286-75-7818,B,Mandalay,Normal,Male,Fashion accessories,69.08,2,6.908,145.068,1/31/2019,19:48,Credit card,138.16,4.761904762,6.908,6.9
574-57-9721,C,Naypyitaw,Normal,Male,Food and beverages,43.27,2,4.327,90.867,3/8/2019,16:53,Ewallet,86.54,4.761904762,4.327,5.7
837-55-7229,B,Mandalay,Normal,Female,Fashion accessories,47.44,1,2.372,49.812,2/22/2019,18:19,Credit card,47.44,4.761904762,2.372,6.8
257-73-1380,C,Naypyitaw,Member,Male,Sports and travel,82.93,4,16.586,348.306,1/20/2019,16:51,Ewallet,331.72,4.761904762,16.586,9.6
549-96-4200,C,Naypyitaw,Member,Male,Food and beverages,17.04,4,3.408,71.568,3/8/2019,20:15,Ewallet,68.16,4.761904762,3.408,7.0
192-98-7397,C,Naypyitaw,Normal,Male,Fashion accessories,12.78,1,0.639,13.419,1/8/2019,14:11,Ewallet,12.78,4.761904762,0.639,9.5
390-80-5128,B,Mandalay,Member,Female,Health and beauty,19.15,1,0.9575,20.1075,1/28/2019,17:58,Credit card,19.15,4.761904762,0.9575,9.5
453-12-7053,C,Naypyitaw,Normal,Male,Fashion accessories,45.74,3,6.861,144.081,3/10/2019,17:38,Credit card,137.22,4.761904762,6.861,6.5
296-11-7041,B,Mandalay,Member,Female,Health and beauty,27.07,1,1.3535,28.4235,1/12/2019,20:07,Credit card,27.07,4.761904762,1.3535,5.3
449-27-2918,B,Mandalay,Member,Female,Sports and travel,39.12,1,1.956,41.076,3/26/2019,11:02,Credit card,39.12,4.761904762,1.956,9.6
568-88-3448,A,Yangon,Normal,Male,Health and beauty,25.0,1,1.25,26.25,3/3/2019,15:09,Ewallet,25.0,4.761904762,1.25,5.5
187-83-5490,A,Yangon,Member,Male,Electronic accessories,20.77,4,4.154,87.234,1/31/2019,13:47,Cash,83.08,4.761904762,4.154,4.7
729-46-7422,C,Naypyitaw,Normal,Male,Food and beverages,35.89,1,1.7945,37.6845,2/23/2019,16:52,Credit card,35.89,4.761904762,1.7945,7.9
326-71-2155,C,Naypyitaw,Normal,Female,Sports and travel,73.95,4,14.79,310.59,2/3/2019,10:02,Cash,295.8,4.761904762,14.79,6.1
320-32-8842,C,Naypyitaw,Member,Female,Food and beverages,22.62,1,1.131,23.751,3/17/2019,18:58,Cash,22.62,4.761904762,1.131,6.4
746-19-0921,C,Naypyitaw,Normal,Male,Food and beverages,21.58,1,1.079,22.659,2/9/2019,10:02,Ewallet,21.58,4.761904762,1.079,7.2
233-34-0817,C,Naypyitaw,Member,Female,Electronic accessories,98.84,1,4.942,103.782,2/15/2019,11:21,Cash,98.84,4.761904762,4.942,8.4
340-21-9136,A,Yangon,Member,Female,Sports and travel,40.05,4,8.01,168.21,1/25/2019,11:40,Cash,160.2,4.761904762,8.01,9.7
502-05-1910,A,Yangon,Normal,Male,Health and beauty,65.18,3,9.777,205.317,2/25/2019,20:35,Credit card,195.54,4.761904762,9.777,6.3
598-47-9715,C,Naypyitaw,Normal,Male,Electronic accessories,84.07,4,16.814,353.094,3/7/2019,16:54,Ewallet,336.28,4.761904762,16.814,4.4
575-67-1508,A,Yangon,Normal,Male,Electronic accessories,38.6,1,1.93,40.53,1/29/2019,11:26,Ewallet,38.6,4.761904762,1.93,6.7
438-01-4015,B,Mandalay,Member,Female,Sports and travel,49.49,4,9.898,207.858,3/21/2019,15:25,Ewallet,197.96,4.761904762,9.898,6.6
795-49-7276,A,Yangon,Normal,Male,Fashion accessories,37.15,4,7.43,156.03,3/23/2019,18:59,Ewallet,148.6,4.761904762,7.43,8.3
556-72-8512,C,Naypyitaw,Normal,Male,Home and lifestyle,22.96,1,1.148,24.108,1/30/2019,20:47,Cash,22.96,4.761904762,1.148,4.3
686-41-0932,B,Mandalay,Normal,Female,Fashion accessories,34.7,2,3.47,72.87,3/13/2019,19:48,Ewallet,69.4,4.761904762,3.47,8.2
437-53-3084,B,Mandalay,Normal,Male,Fashion accessories,99.89,2,9.989,209.769,2/26/2019,11:48,Ewallet,199.78,4.761904762,9.989,7.1
556-97-7101,C,Naypyitaw,Normal,Female,Electronic accessories,63.22,2,6.322,132.762,1/1/2019,15:51,Cash,126.44,4.761904762,6.322,8.5
401-18-8016,B,Mandalay,Member,Female,Sports and travel,98.13,1,4.9065,103.0365,1/21/2019,17:36,Cash,98.13,4.761904762,4.9065,8.9
277-63-2961,B,Mandalay,Member,Male,Sports and travel,73.97,1,3.6985,77.6685,2/3/2019,15:53,Credit card,73.97,4.761904762,3.6985,5.4
573-98-8548,C,Naypyitaw,Member,Female,Fashion accessories,31.9,1,1.595,33.495,1/5/2019,12:40,Ewallet,31.9,4.761904762,1.595,9.1
620-02-2046,C,Naypyitaw,Normal,Male,Home and lifestyle,69.4,2,6.94,145.74,1/27/2019,19:48,Ewallet,138.8,4.761904762,6.94,9.0
282-35-2475,B,Mandalay,Normal,Female,Sports and travel,93.31,2,9.331,195.951,3/25/2019,17:53,Cash,186.62,4.761904762,9.331,6.3
511-54-3087,B,Mandalay,Normal,Male,Sports and travel,88.45,1,4.4225,92.8725,2/25/2019,16:36,Credit card,88.45,4.761904762,4.4225,9.5
387-49-4215,B,Mandalay,Member,Female,Sports and travel,48.5,3,7.275,152.775,1/8/2019,12:50,Cash,145.5,4.761904762,7.275,6.7
413-20-6708,C,Naypyitaw,Member,Female,Fashion accessories,51.47,1,2.5735,54.0435,3/18/2019,15:52,Ewallet,51.47,4.761904762,2.5735,8.5
220-28-1851,A,Yangon,Normal,Male,Home and lifestyle,34.73,2,3.473,72.933,3/1/2019,18:14,Ewallet,69.46,4.761904762,3.473,9.7
734-91-1155,B,Mandalay,Normal,Female,Electronic accessories,45.71,3,6.8565,143.9865,3/26/2019,10:34,Credit card,137.13,4.761904762,6.8565,7.7
133-14-7229,C,Naypyitaw,Normal,Male,Health and beauty,62.87,2,6.287,132.027,1/1/2019,11:43,Cash,125.74,4.761904762,6.287,5.0
286-62-6248,B,Mandalay,Normal,Male,Fashion accessories,39.21,4,7.842,164.682,1/16/2019,20:03,Credit card,156.84,4.761904762,7.842,9.0
339-38-9982,B,Mandalay,Member,Male,Fashion accessories,59.86,2,5.986,125.706,1/13/2019,14:55,Ewallet,119.72,4.761904762,5.986,6.7
339-12-4827,B,Mandalay,Member,Female,Fashion accessories,73.96,1,3.698,77.658,1/5/2019,11:32,Credit card,73.96,4.761904762,3.698,5.0
643-38-7867,A,Yangon,Normal,Male,Home and lifestyle,97.94,1,4.897,102.837,3/7/2019,11:44,Ewallet,97.94,4.761904762,4.897,6.9
308-81-0538,A,Yangon,Normal,Female,Fashion accessories,73.05,4,14.61,306.81,2/25/2019,17:16,Credit card,292.2,4.761904762,14.61,4.9
460-35-4390,A,Yangon,Normal,Male,Home and lifestyle,30.68,3,4.602,96.642,1/22/2019,11:00,Ewallet,92.04,4.761904762,4.602,9.1
343-87-0864,C,Naypyitaw,Member,Male,Health and beauty,75.88,1,3.794,79.674,1/3/2019,10:30,Credit card,75.88,4.761904762,3.794,7.1
173-50-1108,B,Mandalay,Member,Female,Sports and travel,20.18,4,4.036,84.756,2/13/2019,12:14,Credit card,80.72,4.761904762,4.036,5.0
841-18-8232,B,Mandalay,Normal,Female,Food and beverages,71.2,1,3.56,74.76,1/5/2019,20:40,Credit card,71.2,4.761904762,3.56,9.2
701-23-5550,B,Mandalay,Member,Male,Home and lifestyle,38.81,4,7.762,163.002,3/19/2019,13:40,Ewallet,155.24,4.761904762,7.762,4.9
747-58-7183,B,Mandalay,Normal,Male,Fashion accessories,57.27,3,8.5905,180.4005,2/9/2019,20:31,Ewallet,171.81,4.761904762,8.5905,6.5
356-44-8813,B,Mandalay,Normal,Male,Home and lifestyle,37.48,3,5.622,118.062,1/20/2019,13:45,Credit card,112.44,4.761904762,5.622,7.7
198-66-9832,B,Mandalay,Member,Female,Fashion accessories,72.04,2,7.204,151.284,2/4/2019,19:38,Cash,144.08,4.761904762,7.204,9.5
218-59-9410,A,Yangon,Member,Female,Home and lifestyle,72.42,3,10.863,228.123,3/29/2019,16:54,Ewallet,217.26,4.761904762,10.863,8.2
514-37-2845,B,Mandalay,Normal,Male,Fashion accessories,99.25,2,9.925,208.425,3/20/2019,13:02,Cash,198.5,4.761904762,9.925,9.0
355-34-6244,B,Mandalay,Normal,Male,Food and beverages,72.39,2,7.239,152.019,1/13/2019,19:55,Credit card,144.78,4.761904762,7.239,8.1
458-61-0011,B,Mandalay,Normal,Male,Food and beverages,60.3,4,12.06,253.26,2/20/2019,18:43,Cash,241.2,4.761904762,12.06,5.8
592-34-6155,C,Naypyitaw,Normal,Male,Food and beverages,31.77,4,6.354,133.434,1/14/2019,14:43,Ewallet,127.08,4.761904762,6.354,6.2
797-88-0493,A,Yangon,Normal,Female,Health and beauty,64.27,4,12.854,269.934,3/26/2019,13:54,Cash,257.08,4.761904762,12.854,7.7
207-73-1363,B,Mandalay,Normal,Male,Health and beauty,69.51,2,6.951,145.971,3/1/2019,12:15,Ewallet,139.02,4.761904762,6.951,8.1
390-31-6381,C,Naypyitaw,Normal,Male,Food and beverages,27.22,3,4.083,85.743,1/7/2019,12:37,Cash,81.66,4.761904762,4.083,7.3
443-82-0585,A,Yangon,Member,Female,Health and beauty,77.68,4,15.536,326.256,2/1/2019,19:54,Cash,310.72,4.761904762,15.536,8.4
339-18-7061,C,Naypyitaw,Member,Female,Fashion accessories,92.98,2,9.298,195.258,2/13/2019,15:06,Credit card,185.96,4.761904762,9.298,8.0
359-90-3665,B,Mandalay,Member,Female,Fashion accessories,18.08,4,3.616,75.936,1/14/2019,18:03,Credit card,72.32,4.761904762,3.616,9.5
375-72-3056,B,Mandalay,Normal,Male,Sports and travel,63.06,3,9.459,198.639,1/19/2019,15:58,Ewallet,189.18,4.761904762,9.459,7.0
127-47-6963,A,Yangon,Normal,Male,Health and beauty,51.71,4,10.342,217.182,3/9/2019,13:53,Credit card,206.84,4.761904762,10.342,9.8
278-86-2735,A,Yangon,Normal,Female,Food and beverages,52.34,3,7.851,164.871,3/27/2019,14:03,Cash,157.02,4.761904762,7.851,9.2
560-49-6611,A,Yangon,Member,Female,Sports and travel,45.58,1,2.279,47.859,2/7/2019,14:13,Cash,45.58,4.761904762,2.279,9.8
880-35-0356,A,Yangon,Member,Female,Sports and travel,75.2,3,11.28,236.88,2/5/2019,11:51,Ewallet,225.6,4.761904762,11.28,4.8
585-11-6748,B,Mandalay,Member,Male,Sports and travel,96.8,3,14.52,304.92,3/15/2019,13:05,Cash,290.4,4.761904762,14.52,5.3
470-31-3286,B,Mandalay,Normal,Male,Health and beauty,14.82,3,2.223,46.683,3/1/2019,11:30,Credit card,44.46,4.761904762,2.223,8.7
152-68-2907,A,Yangon,Normal,Male,Food and beverages,52.2,3,7.83,164.43,2/15/2019,13:30,Credit card,156.6,4.761904762,7.83,9.5
334-64-2006,A,Yangon,Member,Female,Home and lifestyle,70.32,2,7.032,147.672,3/24/2019,14:22,Ewallet,140.64,4.761904762,7.032,9.6
219-61-4139,C,Naypyitaw,Normal,Male,Electronic accessories,83.08,1,4.154,87.234,1/23/2019,17:16,Ewallet,83.08,4.761904762,4.154,6.4
881-41-7302,C,Naypyitaw,Normal,Female,Fashion accessories,64.99,1,3.2495,68.2395,1/26/2019,10:06,Credit card,64.99,4.761904762,3.2495,4.5
830-58-2383,B,Mandalay,Normal,Male,Home and lifestyle,31.75,4,6.35,133.35,2/8/2019,15:26,Cash,127.0,4.761904762,6.35,8.6
544-32-5024,C,Naypyitaw,Member,Female,Food and beverages,49.79,4,9.958,209.118,3/28/2019,19:16,Credit card,199.16,4.761904762,9.958,6.4
318-12-0304,A,Yangon,Normal,Male,Fashion accessories,30.61,1,1.5305,32.1405,1/23/2019,12:20,Ewallet,30.61,4.761904762,1.5305,5.2
349-97-8902,B,Mandalay,Member,Male,Food and beverages,57.89,2,5.789,121.569,1/17/2019,10:37,Ewallet,115.78,4.761904762,5.789,8.9
421-95-9805,A,Yangon,Normal,Female,Electronic accessories,28.96,1,1.448,30.408,2/7/2019,10:18,Credit card,28.96,4.761904762,1.448,6.2
789-23-8625,B,Mandalay,Member,Male,Fashion accessories,93.22,3,13.983,293.643,1/24/2019,11:45,Cash,279.66,4.761904762,13.983,7.2
284-54-4231,C,Naypyitaw,Member,Male,Sports and travel,80.93,1,4.0465,84.9765,1/19/2019,16:08,Credit card,80.93,4.761904762,4.0465,9.0
420-97-3340,A,Yangon,Normal,Female,Food and beverages,71.68,3,10.752,225.792,3/28/2019,15:30,Credit card,215.04,4.761904762,10.752,9.2
436-54-4512,A,Yangon,Member,Female,Food and beverages,91.61,1,4.5805,96.1905,3/20/2019,19:44,Cash,91.61,4.761904762,4.5805,9.8
598-06-7312,B,Mandalay,Member,Male,Fashion accessories,91.35,1,4.5675,95.9175,2/16/2019,15:42,Cash,91.35,4.761904762,4.5675,6.8
135-13-8269,B,Mandalay,Member,Female,Food and beverages,78.88,2,7.888,165.648,1/26/2019,16:04,Cash,157.76,4.761904762,7.888,9.1
816-57-2053,A,Yangon,Normal,Male,Sports and travel,60.87,2,6.087,127.827,3/9/2019,12:37,Ewallet,121.74,4.761904762,6.087,8.7
856-66-2701,A,Yangon,Member,Male,Home and lifestyle,53.3,3,7.995,167.895,1/25/2019,14:19,Ewallet,159.9,4.761904762,7.995,7.5
308-39-1707,A,Yangon,Normal,Female,Fashion accessories,12.09,1,0.6045,12.6945,1/26/2019,18:19,Credit card,12.09,4.761904762,0.6045,8.2
655-07-2265,A,Yangon,Normal,Male,Electronic accessories,78.31,3,11.7465,246.6765,3/5/2019,16:38,Ewallet,234.93,4.761904762,11.7465,5.4
589-02-8023,A,Yangon,Member,Male,Food and beverages,83.77,2,8.377,175.917,1/15/2019,10:54,Credit card,167.54,4.761904762,8.377,7.0
420-04-7590,B,Mandalay,Normal,Male,Home and lifestyle,99.7,3,14.955,314.055,3/18/2019,11:29,Ewallet,299.1,4.761904762,14.955,4.7
182-88-2763,B,Mandalay,Member,Male,Food and beverages,79.91,3,11.9865,251.7165,3/20/2019,19:28,Credit card,239.73,4.761904762,11.9865,5.0
318-81-2368,C,Naypyitaw,Normal,Female,Electronic accessories,46.2,1,2.31,48.51,3/19/2019,12:16,Cash,46.2,4.761904762,2.31,6.3
665-63-9737,B,Mandalay,Normal,Male,Fashion accessories,52.42,3,7.863,165.123,2/27/2019,17:36,Ewallet,157.26,4.761904762,7.863,7.5
695-09-5146,B,Mandalay,Member,Female,Food and beverages,98.79,3,14.8185,311.1885,2/23/2019,20:00,Ewallet,296.37,4.761904762,14.8185,6.4
794-32-2436,B,Mandalay,Member,Male,Electronic accessories,55.67,2,5.567,116.907,3/27/2019,15:08,Ewallet,111.34,4.761904762,5.567,6.0
574-31-8277,B,Mandalay,Member,Male,Fashion accessories,33.63,1,1.6815,35.3115,3/20/2019,19:55,Cash,33.63,4.761904762,1.6815,5.6
859-71-0933,C,Naypyitaw,Member,Female,Sports and travel,15.49,2,1.549,32.529,1/16/2019,15:10,Cash,30.98,4.761904762,1.549,6.3
133-77-3154,B,Mandalay,Member,Male,Fashion accessories,60.18,4,12.036,252.756,2/16/2019,18:04,Credit card,240.72,4.761904762,12.036,9.4
169-52-4504,A,Yangon,Normal,Female,Electronic accessories,15.69,3,2.3535,49.4235,3/14/2019,14:13,Credit card,47.07,4.761904762,2.3535,5.8
250-81-7186,C,Naypyitaw,Normal,Female,Electronic accessories,99.69,1,4.9845,104.6745,2/27/2019,10:23,Credit card,99.69,4.761904762,4.9845,8.0
562-12-5430,A,Yangon,Member,Female,Fashion accessories,88.15,3,13.2225,277.6725,1/18/2019,10:11,Ewallet,264.45,4.761904762,13.2225,7.9
491-38-3499,A,Yangon,Member,Male,Fashion accessories,55.45,1,2.7725,58.2225,2/26/2019,17:46,Credit card,55.45,4.761904762,2.7725,4.9
322-02-2271,B,Mandalay,Normal,Female,Sports and travel,42.97,3,6.4455,135.3555,2/3/2019,11:46,Cash,128.91,4.761904762,6.4455,9.3
714-02-3114,C,Naypyitaw,Normal,Female,Sports and travel,98.8,2,9.88,207.48,2/21/2019,11:39,Cash,197.6,4.761904762,9.88,7.7
518-17-2983,A,Yangon,Normal,Female,Fashion accessories,48.63,4,9.726,204.246,2/4/2019,15:44,Ewallet,194.52,4.761904762,9.726,7.6
779-42-2410,B,Mandalay,Member,Male,Food and beverages,57.74,3,8.661,181.881,2/20/2019,13:06,Ewallet,173.22,4.761904762,8.661,7.7
190-14-3147,B,Mandalay,Normal,Female,Health and beauty,17.97,4,3.594,75.474,2/23/2019,20:43,Ewallet,71.88,4.761904762,3.594,6.4
679-22-6530,B,Mandalay,Normal,Female,Sports and travel,40.62,2,4.062,85.302,1/17/2019,10:01,Credit card,81.24,4.761904762,4.062,4.1
642-61-4706,B,Mandalay,Member,Male,Food and beverages,93.4,2,9.34,196.14,3/30/2019,16:34,Cash,186.8,4.761904762,9.34,5.5
576-31-4774,B,Mandalay,Normal,Female,Health and beauty,73.41,3,11.0115,231.2415,3/2/2019,13:10,Ewallet,220.23,4.761904762,11.0115,4.0
242-11-3142,B,Mandalay,Member,Male,Fashion accessories,83.77,2,8.377,175.917,2/24/2019,19:57,Cash,167.54,4.761904762,8.377,4.6
274-05-5470,A,Yangon,Member,Female,Food and beverages,73.47,4,14.694,308.574,2/23/2019,18:30,Cash,293.88,4.761904762,14.694,6.0
528-87-5606,B,Mandalay,Member,Female,Electronic accessories,39.48,1,1.974,41.454,2/12/2019,19:43,Cash,39.48,4.761904762,1.974,6.5
320-85-2052,B,Mandalay,Normal,Female,Sports and travel,34.81,1,1.7405,36.5505,1/14/2019,10:11,Credit card,34.81,4.761904762,1.7405,7.0
105-10-6182,A,Yangon,Member,Male,Fashion accessories,21.48,2,2.148,45.108,2/27/2019,12:22,Ewallet,42.96,4.761904762,2.148,6.6
241-96-5076,B,Mandalay,Member,Female,Home and lifestyle,49.1,2,4.91,103.11,1/8/2019,12:58,Credit card,98.2,4.761904762,4.91,6.4
767-97-4650,B,Mandalay,Member,Female,Sports and travel,64.83,2,6.483,136.143,1/8/2019,11:59,Credit card,129.66,4.761904762,6.483,8.0
173-57-2300,C,Naypyitaw,Member,Male,Sports and travel,72.88,2,7.288,153.048,3/13/2019,12:51,Cash,145.76,4.761904762,7.288,6.1
305-03-2383,A,Yangon,Normal,Female,Food and beverages,67.1,3,10.065,211.365,2/15/2019,10:36,Cash,201.3,4.761904762,10.065,7.5
182-52-7000,A,Yangon,Member,Female,Sports and travel,27.04,4,5.408,113.568,1/1/2019,20:26,Ewallet,108.16,4.761904762,5.408,6.9
826-58-8051,B,Mandalay,Normal,Male,Home and lifestyle,62.19,4,12.438,261.198,1/6/2019,19:46,Ewallet,248.76,4.761904762,12.438,4.3
176-64-7711,B,Mandalay,Normal,Male,Food and beverages,32.32,3,4.848,101.808,3/27/2019,19:11,Credit card,96.96,4.761904762,4.848,4.3
834-45-5519,B,Mandalay,Normal,Female,Electronic accessories,43.0,4,8.6,180.6,1/31/2019,20:48,Ewallet,172.0,4.761904762,8.6,7.6
162-65-8559,C,Naypyitaw,Member,Male,Food and beverages,68.98,1,3.449,72.429,1/21/2019,20:13,Cash,68.98,4.761904762,3.449,4.8
445-30-9252,A,Yangon,Normal,Male,Sports and travel,25.7,3,3.855,80.955,1/17/2019,17:59,Ewallet,77.1,4.761904762,3.855,6.1
728-88-7867,C,Naypyitaw,Member,Female,Home and lifestyle,75.53,4,15.106,317.226,3/19/2019,15:52,Ewallet,302.12,4.761904762,15.106,8.3
482-17-1179,A,Yangon,Member,Male,Electronic accessories,11.94,3,1.791,37.611,1/19/2019,12:47,Credit card,35.82,4.761904762,1.791,8.1
788-21-5741,A,Yangon,Normal,Male,Fashion accessories,45.38,3,6.807,142.947,2/17/2019,13:34,Credit card,136.14,4.761904762,6.807,7.2
776-68-1096,B,Mandalay,Normal,Male,Home and lifestyle,44.12,3,6.618,138.978,3/18/2019,13:45,Credit card,132.36,4.761904762,6.618,7.9
434-35-9162,B,Mandalay,Member,Male,Food and beverages,23.34,4,4.668,98.028,2/4/2019,18:53,Ewallet,93.36,4.761904762,4.668,7.4
442-44-6497,C,Naypyitaw,Member,Male,Home and lifestyle,55.57,3,8.3355,175.0455,1/8/2019,11:42,Credit card,166.71,4.761904762,8.3355,5.9
210-74-9613,C,Naypyitaw,Normal,Male,Fashion accessories,97.26,4,19.452,408.492,3/16/2019,15:33,Ewallet,389.04,4.761904762,19.452,6.8
247-11-2470,A,Yangon,Member,Female,Fashion accessories,22.32,4,4.464,93.744,3/1/2019,16:23,Credit card,89.28,4.761904762,4.464,4.4
635-28-5728,A,Yangon,Normal,Male,Health and beauty,56.0,3,8.4,176.4,2/28/2019,19:33,Ewallet,168.0,4.761904762,8.4,4.8
756-49-0168,A,Yangon,Member,Male,Fashion accessories,19.7,1,0.985,20.685,2/8/2019,11:39,Ewallet,19.7,4.761904762,0.985,9.5
238-45-6950,B,Mandalay,Member,Male,Food and beverages,53.72,1,2.686,56.406,3/1/2019,20:03,Ewallet,53.72,4.761904762,2.686,6.4
451-73-2711,C,Naypyitaw,Normal,Male,Food and beverages,84.83,1,4.2415,89.0715,1/14/2019,15:20,Ewallet,84.83,4.761904762,4.2415,8.8
373-14-0504,A,Yangon,Member,Female,Sports and travel,71.63,2,7.163,150.423,2/12/2019,14:33,Ewallet,143.26,4.761904762,7.163,8.8
546-80-2899,A,Yangon,Member,Male,Home and lifestyle,37.69,2,3.769,79.149,2/20/2019,15:29,Ewallet,75.38,4.761904762,3.769,9.5
390-17-5806,C,Naypyitaw,Member,Female,Food and beverages,38.42,1,1.921,40.341,2/2/2019,16:33,Cash,38.42,4.761904762,1.921,8.6
210-30-7976,B,Mandalay,Member,Female,Fashion accessories,22.32,4,4.464,93.744,3/14/2019,11:16,Ewallet,89.28,4.761904762,4.464,4.1
288-38-3758,C,Naypyitaw,Member,Female,Fashion accessories,84.87,3,12.7305,267.3405,1/25/2019,18:30,Ewallet,254.61,4.761904762,12.7305,7.4
156-95-3964,A,Yangon,Normal,Female,Food and beverages,55.39,4,11.078,232.638,3/25/2019,15:19,Ewallet,221.56,4.761904762,11.078,8.0
787-87-2010,A,Yangon,Member,Male,Health and beauty,55.5,4,11.1,233.1,1/20/2019,15:48,Credit card,222.0,4.761904762,11.1,6.6
801-88-0346,C,Naypyitaw,Normal,Female,Fashion accessories,76.06,3,11.409,239.589,1/5/2019,20:30,Credit card,228.18,4.761904762,11.409,9.8
711-31-1234,B,Mandalay,Normal,Female,Electronic accessories,95.64,4,19.128,401.688,3/16/2019,18:51,Cash,382.56,4.761904762,19.128,7.9
707-32-7409,B,Mandalay,Member,Female,Sports and travel,95.54,4,19.108,401.268,2/26/2019,11:58,Ewallet,382.16,4.761904762,19.108,4.5
471-06-8611,C,Naypyitaw,Normal,Female,Food and beverages,52.42,1,2.621,55.041,2/6/2019,10:22,Credit card,52.42,4.761904762,2.621,6.3
200-16-5952,C,Naypyitaw,Member,Male,Food and beverages,65.65,2,6.565,137.865,1/17/2019,16:46,Cash,131.3,4.761904762,6.565,6.0
875-31-8302,B,Mandalay,Normal,Male,Sports and travel,93.38,1,4.669,98.049,1/3/2019,13:07,Cash,93.38,4.761904762,4.669,9.6
534-53-3526,A,Yangon,Normal,Female,Sports and travel,94.76,4,18.952,397.992,2/11/2019,16:06,Ewallet,379.04,4.761904762,18.952,7.8
307-04-2070,A,Yangon,Member,Female,Fashion accessories,30.62,1,1.531,32.151,2/5/2019,14:14,Credit card,30.62,4.761904762,1.531,4.1
704-10-4056,C,Naypyitaw,Member,Male,Health and beauty,60.47,3,9.0705,190.4805,1/14/2019,10:55,Credit card,181.41,4.761904762,9.0705,5.6
651-96-5970,A,Yangon,Normal,Male,Fashion accessories,46.41,1,2.3205,48.7305,3/3/2019,20:06,Credit card,46.41,4.761904762,2.3205,4.0
400-80-4065,C,Naypyitaw,Member,Male,Health and beauty,68.55,4,13.71,287.91,2/15/2019,20:21,Credit card,274.2,4.761904762,13.71,9.2
702-72-0487,A,Yangon,Normal,Female,Electronic accessories,46.61,2,4.661,97.881,2/26/2019,12:28,Credit card,93.22,4.761904762,4.661,6.6
605-83-1050,B,Mandalay,Normal,Male,Fashion accessories,27.18,2,2.718,57.078,3/15/2019,16:26,Ewallet,54.36,4.761904762,2.718,4.3
443-60-9639,C,Naypyitaw,Member,Female,Home and lifestyle,60.87,1,3.0435,63.9135,1/24/2019,13:24,Cash,60.87,4.761904762,3.0435,5.5
359-94-5395,B,Mandalay,Normal,Male,Health and beauty,92.78,1,4.639,97.419,3/15/2019,10:50,Credit card,92.78,4.761904762,4.639,9.8
220-68-6701,A,Yangon,Normal,Female,Home and lifestyle,77.47,4,15.494,325.374,3/17/2019,16:36,Cash,309.88,4.761904762,15.494,4.2
618-34-8551,A,Yangon,Normal,Female,Sports and travel,93.18,2,9.318,195.678,1/16/2019,18:41,Credit card,186.36,4.761904762,9.318,8.5
257-60-7754,A,Yangon,Normal,Female,Electronic accessories,50.23,4,10.046,210.966,1/8/2019,17:12,Cash,200.92,4.761904762,10.046,9.0
559-61-5987,B,Mandalay,Normal,Female,Health and beauty,17.75,1,0.8875,18.6375,1/14/2019,10:38,Cash,17.75,4.761904762,0.8875,8.6
674-56-6360,A,Yangon,Normal,Male,Electronic accessories,95.15,1,4.7575,99.9075,3/22/2019,14:00,Cash,95.15,4.761904762,4.7575,6.0
869-11-3082,B,Mandalay,Member,Male,Health and beauty,96.16,4,19.232,403.872,1/27/2019,20:03,Credit card,384.64,4.761904762,19.232,8.4
366-43-6862,B,Mandalay,Normal,Male,Electronic accessories,52.89,4,10.578,222.138,3/25/2019,16:32,Ewallet,211.56,4.761904762,10.578,6.7
186-43-8965,A,Yangon,Member,Female,Home and lifestyle,47.68,2,4.768,100.128,2/24/2019,10:10,Credit card,95.36,4.761904762,4.768,4.1
784-21-9238,C,Naypyitaw,Member,Male,Sports and travel,10.17,1,0.5085,10.6785,2/7/2019,14:15,Cash,10.17,4.761904762,0.5085,5.9
276-75-6884,A,Yangon,Normal,Female,Health and beauty,68.71,3,10.3065,216.4365,3/4/2019,10:05,Cash,206.13,4.761904762,10.3065,8.7
569-76-2760,A,Yangon,Member,Female,Sports and travel,22.01,4,4.402,92.442,1/29/2019,18:15,Credit card,88.04,4.761904762,4.402,6.6
760-53-9233,A,Yangon,Member,Male,Fashion accessories,41.28,3,6.192,130.032,3/26/2019,18:37,Credit card,123.84,4.761904762,6.192,8.5
636-17-0325,B,Mandalay,Normal,Male,Health and beauty,62.57,4,12.514,262.794,2/25/2019,18:37,Cash,250.28,4.761904762,12.514,9.5
528-14-9470,A,Yangon,Member,Male,Health and beauty,91.3,1,4.565,95.865,2/14/2019,14:42,Ewallet,91.3,4.761904762,4.565,9.2
807-34-3742,A,Yangon,Normal,Male,Fashion accessories,52.38,1,2.619,54.999,3/26/2019,19:44,Cash,52.38,4.761904762,2.619,5.8
497-36-0989,A,Yangon,Normal,Male,Fashion accessories,51.94,3,7.791,163.611,2/15/2019,15:21,Cash,155.82,4.761904762,7.791,7.9
291-59-1384,B,Mandalay,Normal,Male,Electronic accessories,60.3,1,3.015,63.315,2/28/2019,17:38,Cash,60.3,4.761904762,3.015,6.0
860-73-6466,A,Yangon,Member,Female,Sports and travel,39.47,2,3.947,82.887,3/2/2019,16:16,Credit card,78.94,4.761904762,3.947,5.0
549-23-9016,C,Naypyitaw,Member,Female,Food and beverages,14.87,2,1.487,31.227,2/13/2019,18:15,Credit card,29.74,4.761904762,1.487,8.9
896-34-0956,A,Yangon,Normal,Male,Fashion accessories,21.32,1,1.066,22.386,1/26/2019,12:43,Cash,21.32,4.761904762,1.066,5.9
804-38-3935,A,Yangon,Member,Male,Electronic accessories,93.78,3,14.067,295.407,1/30/2019,11:32,Credit card,281.34,4.761904762,14.067,5.9
585-90-0249,A,Yangon,Member,Male,Electronic accessories,73.26,1,3.663,76.923,1/27/2019,18:08,Ewallet,73.26,4.761904762,3.663,9.7
862-29-5914,C,Naypyitaw,Normal,Female,Sports and travel,22.38,1,1.119,23.499,1/30/2019,17:08,Credit card,22.38,4.761904762,1.119,8.6
843-73-4724,A,Yangon,Normal,Male,Fashion accessories,74.1,1,3.705,77.805,1/25/2019,11:05,Cash,74.1,4.761904762,3.705,9.2
409-33-9708,A,Yangon,Normal,Female,Fashion accessories,98.48,2,9.848,206.808,2/19/2019,10:12,Ewallet,196.96,4.761904762,9.848,9.2
748-45-2862,A,Yangon,Member,Female,Home and lifestyle,28.31,4,5.662,118.902,3/7/2019,18:35,Cash,113.24,4.761904762,5.662,8.2
848-95-6252,C,Naypyitaw,Member,Female,Home and lifestyle,86.27,1,4.3135,90.5835,2/20/2019,13:24,Ewallet,86.27,4.761904762,4.3135,7.0
840-76-5966,A,Yangon,Member,Male,Sports and travel,12.76,2,1.276,26.796,1/8/2019,18:06,Ewallet,25.52,4.761904762,1.276,7.8
124-31-1458,A,Yangon,Member,Female,Electronic accessories,79.59,3,11.9385,250.7085,1/8/2019,14:30,Cash,238.77,4.761904762,11.9385,6.6
176-78-1170,C,Naypyitaw,Member,Male,Health and beauty,33.81,3,5.0715,106.5015,1/26/2019,15:11,Ewallet,101.43,4.761904762,5.0715,7.3
101-81-4070,C,Naypyitaw,Member,Female,Health and beauty,62.82,2,6.282,131.922,1/17/2019,12:36,Ewallet,125.64,4.761904762,6.282,4.9
631-34-1880,C,Naypyitaw,Member,Male,Food and beverages,24.31,3,3.6465,76.5765,1/8/2019,19:09,Credit card,72.93,4.761904762,3.6465,4.3
852-82-2749,A,Yangon,Normal,Male,Sports and travel,64.59,4,12.918,271.278,1/6/2019,13:35,Ewallet,258.36,4.761904762,12.918,9.3
584-66-4073,C,Naypyitaw,Normal,Male,Fashion accessories,56.5,1,2.825,59.325,3/13/2019,15:45,Ewallet,56.5,4.761904762,2.825,9.6
737-88-5876,A,Yangon,Member,Male,Home and lifestyle,23.29,4,4.658,97.818,3/19/2019,11:52,Credit card,93.16,4.761904762,4.658,5.9
885-56-0389,C,Naypyitaw,Member,Male,Fashion accessories,52.35,1,2.6175,54.9675,2/12/2019,17:49,Cash,52.35,4.761904762,2.6175,4.0
608-05-3804,B,Mandalay,Member,Male,Electronic accessories,39.75,1,1.9875,41.7375,2/25/2019,20:19,Cash,39.75,4.761904762,1.9875,6.1
548-48-3156,A,Yangon,Member,Female,Food and beverages,83.34,2,8.334,175.014,3/19/2019,13:37,Cash,166.68,4.761904762,8.334,7.6
325-89-4209,A,Yangon,Member,Male,Food and beverages,87.9,1,4.395,92.295,2/5/2019,19:42,Ewallet,87.9,4.761904762,4.395,6.7
509-10-0516,B,Mandalay,Normal,Male,Home and lifestyle,45.97,4,9.194,193.074,2/9/2019,12:02,Ewallet,183.88,4.761904762,9.194,5.1
545-07-8534,C,Naypyitaw,Normal,Female,Health and beauty,58.32,2,5.832,122.472,2/14/2019,12:42,Ewallet,116.64,4.761904762,5.832,6.0
118-62-1812,C,Naypyitaw,Member,Female,Home and lifestyle,78.38,4,15.676,329.196,3/24/2019,17:56,Cash,313.52,4.761904762,15.676,7.9
186-71-5196,A,Yangon,Member,Female,Food and beverages,79.54,2,7.954,167.034,3/27/2019,16:30,Ewallet,159.08,4.761904762,7.954,6.2
313-66-9943,B,Mandalay,Member,Female,Food and beverages,29.15,3,4.3725,91.8225,3/27/2019,20:29,Credit card,87.45,4.761904762,4.3725,7.3
151-27-8496,C,Naypyitaw,Normal,Female,Electronic accessories,56.13,4,11.226,235.746,1/19/2019,11:43,Ewallet,224.52,4.761904762,11.226,8.6
459-45-2396,A,Yangon,Member,Female,Food and beverages,99.6,3,14.94,313.74,2/25/2019,18:45,Cash,298.8,4.761904762,14.94,5.8
722-13-2115,C,Naypyitaw,Member,Male,Sports and travel,42.85,1,2.1425,44.9925,3/14/2019,15:36,Credit card,42.85,4.761904762,2.1425,9.3
749-81-8133,A,Yangon,Normal,Female,Fashion accessories,94.67,4,18.934,397.614,3/11/2019,12:04,Cash,378.68,4.761904762,18.934,6.8
777-67-2495,B,Mandalay,Normal,Male,Home and lifestyle,68.97,3,10.3455,217.2555,2/22/2019,11:26,Ewallet,206.91,4.761904762,10.3455,8.7
636-98-3364,B,Mandalay,Member,Female,Electronic accessories,26.26,3,3.939,82.719,3/2/2019,12:36,Ewallet,78.78,4.761904762,3.939,6.3
838-02-1821,C,Naypyitaw,Member,Female,Home and lifestyle,12.73,2,1.273,26.733,2/22/2019,12:10,Credit card,25.46,4.761904762,1.273,5.2
226-34-0034,B,Mandalay,Normal,Female,Electronic accessories,13.78,4,2.756,57.876,1/10/2019,11:10,Ewallet,55.12,4.761904762,2.756,9.0
321-49-7382,B,Mandalay,Member,Male,Sports and travel,88.31,1,4.4155,92.7255,2/15/2019,17:38,Credit card,88.31,4.761904762,4.4155,5.2
825-94-5922,B,Mandalay,Normal,Male,Sports and travel,25.31,2,2.531,53.151,3/2/2019,19:26,Ewallet,50.62,4.761904762,2.531,7.2
756-93-1854,C,Naypyitaw,Member,Female,Fashion accessories,83.35,2,8.335,175.035,2/2/2019,14:05,Credit card,166.7,4.761904762,8.335,9.5
235-06-8510,C,Naypyitaw,Member,Male,Home and lifestyle,85.72,3,12.858,270.018,1/24/2019,20:59,Ewallet,257.16,4.761904762,12.858,5.1
131-70-8179,A,Yangon,Member,Female,Health and beauty,92.09,3,13.8135,290.0835,2/17/2019,16:27,Cash,276.27,4.761904762,13.8135,4.2
720-72-2436,A,Yangon,Normal,Male,Food and beverages,66.52,4,13.304,279.384,3/2/2019,18:14,Ewallet,266.08,4.761904762,13.304,6.9
859-97-6048,C,Naypyitaw,Member,Male,Electronic accessories,84.25,2,8.425,176.925,3/26/2019,14:13,Credit card,168.5,4.761904762,8.425,5.3
676-10-2200,B,Mandalay,Member,Male,Fashion accessories,53.78,1,2.689,56.469,2/3/2019,20:13,Ewallet,53.78,4.761904762,2.689,4.7
503-21-4385,B,Mandalay,Member,Male,Health and beauty,39.91,3,5.9865,125.7165,2/21/2019,12:40,Ewallet,119.73,4.761904762,5.9865,9.3
305-89-2768,B,Mandalay,Member,Female,Home and lifestyle,21.9,3,3.285,68.985,1/9/2019,18:43,Ewallet,65.7,4.761904762,3.285,4.7
574-80-1489,B,Mandalay,Member,Female,Food and beverages,62.85,4,12.57,263.97,2/25/2019,13:22,Ewallet,251.4,4.761904762,12.57,8.7
784-08-0310,C,Naypyitaw,Member,Female,Food and beverages,21.04,4,4.208,88.368,1/13/2019,13:58,Cash,84.16,4.761904762,4.208,7.6
256-58-3609,C,Naypyitaw,Member,Male,Fashion accessories,91.98,1,4.599,96.579,3/18/2019,15:29,Cash,91.98,4.761904762,4.599,9.8
324-92-3863,A,Yangon,Member,Male,Electronic accessories,20.89,2,2.089,43.869,2/5/2019,18:45,Cash,41.78,4.761904762,2.089,9.8
593-08-5916,A,Yangon,Normal,Female,Fashion accessories,15.5,1,0.775,16.275,3/19/2019,15:23,Credit card,15.5,4.761904762,0.775,7.4
364-34-2972,C,Naypyitaw,Member,Male,Electronic accessories,96.82,3,14.523,304.983,3/30/2019,20:37,Cash,290.46,4.761904762,14.523,6.7
794-42-3736,B,Mandalay,Normal,Male,Food and beverages,33.33,2,3.333,69.993,1/26/2019,14:41,Credit card,66.66,4.761904762,3.333,6.4
172-42-8274,B,Mandalay,Normal,Female,Electronic accessories,38.27,2,3.827,80.367,3/2/2019,18:18,Credit card,76.54,4.761904762,3.827,5.8
195-06-0432,A,Yangon,Member,Male,Home and lifestyle,81.01,3,12.1515,255.1815,1/13/2019,12:55,Credit card,243.03,4.761904762,12.1515,9.3
605-03-2706,A,Yangon,Normal,Female,Health and beauty,15.8,3,2.37,49.77,3/25/2019,18:02,Cash,47.4,4.761904762,2.37,9.5
531-56-4728,A,Yangon,Normal,Male,Home and lifestyle,80.08,3,12.012,252.252,2/11/2019,15:29,Cash,240.24,4.761904762,12.012,5.4
744-82-9138,C,Naypyitaw,Normal,Male,Fashion accessories,86.13,2,8.613,180.873,2/7/2019,17:59,Cash,172.26,4.761904762,8.613,8.2
883-69-1285,B,Mandalay,Member,Male,Fashion accessories,49.92,2,4.992,104.832,3/6/2019,11:55,Credit card,99.84,4.761904762,4.992,7.0
221-25-5073,A,Yangon,Normal,Female,Food and beverages,74.66,4,14.932,313.572,3/4/2019,10:39,Cash,298.64,4.761904762,14.932,8.5
156-20-0370,B,Mandalay,Normal,Female,Electronic accessories,25.45,1,1.2725,26.7225,3/10/2019,18:10,Credit card,25.45,4.761904762,1.2725,5.1
151-33-7434,B,Mandalay,Normal,Female,Food and beverages,67.77,1,3.3885,71.1585,2/4/2019,20:43,Credit card,67.77,4.761904762,3.3885,6.5
728-47-9078,C,Naypyitaw,Member,Male,Food and beverages,59.59,4,11.918,250.278,1/19/2019,12:46,Cash,238.36,4.761904762,11.918,9.8
809-46-1866,A,Yangon,Normal,Male,Health and beauty,58.15,4,11.63,244.23,1/23/2019,17:44,Cash,232.6,4.761904762,11.63,8.4
764-44-8999,B,Mandalay,Normal,Female,Health and beauty,14.76,2,1.476,30.996,2/18/2019,14:42,Ewallet,29.52,4.761904762,1.476,4.3
745-74-0715,A,Yangon,Normal,Male,Electronic accessories,58.03,2,5.803,121.863,3/10/2019,20:46,Ewallet,116.06,4.761904762,5.803,8.8
652-49-6720,C,Naypyitaw,Member,Female,Electronic accessories,60.95,1,3.0475,63.9975,2/18/2019,11:40,Ewallet,60.95,4.761904762,3.0475,5.9
233-67-5758,C,Naypyitaw,Normal,Male,Health and beauty,40.35,1,2.0175,42.3675,1/29/2019,13:46,Ewallet,40.35,4.761904762,2.0175,6.2
727-02-1313,A,Yangon,Member,Male,Food and beverages,31.84,1,1.592,33.432,2/9/2019,13:22,Cash,31.84,4.761904762,1.592,7.7
347-56-2442,A,Yangon,Normal,Male,Home and lifestyle,65.82,1,3.291,69.111,2/22/2019,15:33,Cash,65.82,4.761904762,3.291,4.1
529-56-3974,B,Mandalay,Member,Male,Electronic accessories,25.51,4,5.102,107.142,2019-03-09 00:00:00,17:03,Cash,102.04,4.761904762,5.102,6.8
132-32-9879,B,Mandalay,Member,Female,Electronic accessories,93.96,4,18.792,394.632,2019-03-09 00:00:00,18:00,Cash,375.84,4.761904762,18.792,9.5
